{
  "version": 1,
  "generatedAt": "2026-07-06T20:35:26.590Z",
  "score": {
    "passed": 0.989929,
    "total": 10,
    "value": 0.098993
  }
}
