{
  "version": 1,
  "generatedAt": "2026-07-06T20:24:06.520Z",
  "score": {
    "passed": 8.097938,
    "total": 10,
    "value": 0.809794
  }
}
