{
  "version": 1,
  "generatedAt": "2026-07-06T20:21:36.785Z",
  "score": {
    "passed": 3.103772,
    "total": 10,
    "value": 0.310377
  }
}
